protein_id,abundance
P03138,1.02896
P00830,2.27236
P00812,1.01113
P00588,649.095
P00560,1.02382
P00511,1.27776
P00431,1.01619
P00410,1.03664
P00360,1.05289
P00187,1.02722
P02294,1.01153
P00045,1.02097
O96019,1.4168
O95967,2.24015
P01123,1.08092
O95835,2.04745
O95619,1.0341
O95600,1.02742
P00854,1.03134
O94901,1.00964
O94655,2.05427
O94640,1.26115
P00325,1.01385
O94561,1.02455
O94534,1.01923
O94510,1.01144
O94487,1.04947
O95563,1.02955
O94449,1.01301
O94444,1.01677
O94395,1.01107
O94364,1.00598
P00817,1.05406
O94282,1.02683
O94276,1.02505
P00546,3.05442
O94680,1.02071
O93852,1.01014
O95639,1.01176
O75529,3.02695
P00942,2.07127
O95202,4.067
O75001,1.1054
O74653,1.01831
O94979,1.03306
O43007,7.48321
P01109,1.02847
O35177,8.28432
O94652,1.01894
I3PLQ6,2.22707
P02768ups,1.03177
